<?xml version="1.0" encoding="UTF-8"?>
<project-private xmlns="http://www.netbeans.org/ns/project-private/1">
    <editor-bookmarks xmlns="http://www.netbeans.org/ns/editor-bookmarks/2" lastBookmarkId="0"/>
    <open-files xmlns="http://www.netbeans.org/ns/projectui-open-files/2">
        <group>
            <file>file:/D:/Capstone/src/java/secure/unite/beans/adminDashboardBean.java</file>
            <file>file:/D:/Capstone/src/java/secure/unite/email/system/EmailSessionBean.java</file>
            <file>file:/D:/Capstone/web/auth/unite_admins/uniteAdminDashboard.xhtml</file>
            <file>file:/D:/Capstone/src/java/secure/unite/email/system/EmailServlet.java</file>
        </group>
    </open-files>
</project-private>
