<?xml version="1.0" encoding="UTF-8"?>
<faces-config version="2.2" xmlns="http://xmlns.jcp.org/xml/ns/javaee"
              xmlns:xsi="http://www.w3.org/2001/XMLSchema-instance"
              xsi:schemaLocation="http://xmlns.jcp.org/xml/ns/javaee \
              http://xmlns.jcp.org/xml/ns/javaee/web-facesconfig_2_2.xsd">
        
    <!-- Navigations rules are configured to accept results from String methods, 
    depending on the results will be what page the user is sent to. -->  
    
    <protected-views>
        <url-pattern>/auth/*</url-pattern>
    </protected-views>
    
    <navigation-rule>
        
        <!-- index navigation rules -->
        <from-view-id>/index.xhtml</from-view-id>          
        <navigation-case>
            <from-action>#{login.CheckLogin}</from-action>
            <from-outcome>success</from-outcome>                
            <to-view-id>/auth/volunteers/userDashboard.xhtml</to-view-id>
        </navigation-case> 
        <navigation-case>
            <from-action>#{login.CheckLogin}</from-action>
            <from-outcome>failure</from-outcome>
            <to-view-id>index.xhtml</to-view-id>
        </navigation-case> 
        <navigation-case>
            <from-outcome>signup</from-outcome>
            <to-view-id>signup.xhtml</to-view-id>
        </navigation-case>
        <navigation-case>
            <from-outcome>search</from-outcome>
            <to-view-id>volunteerSearch.xhtml</to-view-id>
        </navigation-case> 
            
        <!-- signup navigaion rules -->
        <from-view-id>/signup.xhtml</from-view-id>
        <navigation-case>
            <from-action>#{signup.setupNewVolunteer}</from-action>
            <from-outcome>success</from-outcome>
            <to-view-id>index.xhtml</to-view-id>
        </navigation-case>
        <navigation-case>
            <from-action>#{signup.setupNewVolunteer}</from-action>
            <from-outcome>failure</from-outcome>
            <to-view-id>signup.xhtml</to-view-id>
        </navigation-case>                
        <navigation-case>
            <from-action>#{signup.setupNewVolunteer}</from-action>
            <from-outcome>mismatch</from-outcome>
            <to-view-id>signup.xhtml</to-view-id>
        </navigation-case>                 
        <navigation-case>
            <from-action>#{signup.Cancel}</from-action>
            <from-outcome>cancel</from-outcome>
            <to-view-id>index.xhtml</to-view-id>
        </navigation-case>                
                
        <!-- signup navigaion rules -->
        <from-view-id>/auth/unite_admins/uniteAdminDashboard.xhtml</from-view-id>
        <navigation-case>
            <from-action>#{adminDashboardBean.Deny}</from-action>
            <from-outcome>redirect</from-outcome>
            <to-view-id>/index.xhtml</to-view-id>
        </navigation-case>
        <navigation-case>
            <from-action>#{adminDashboardBean.Logout}</from-action>
            <from-outcome>logout</from-outcome>
            <to-view-id>/index.xhtml</to-view-id>
        </navigation-case>
    </navigation-rule>  
    
    <!-- JSF security method -->
    <!-- 
        SecureActionListener intercepts calls to managed bean methods and checks for annotated method permissions. 
        NavigationHandler forwards the user to a requested view if the user has the required credentials and roles. 
    -->
    <application>
        <action-listener>
           
        </action-listener>
        <navigation-handler>
            
        </navigation-handler>
    </application>      
          
</faces-config>
